Truro and Falmouth,M 163.5 1013.5 L 163.5 1028.5 L 178.5 1028.5 L 178.5 1013.5 z
Camborne and Redruth,M 146.5 1013.5 L 146.5 1028.5 L 161.5 1028.5 L 161.5 1013.5 z
St. Ives,M 129.5 1013.5 L 129.5 1028.5 L 144.5 1028.5 L 144.5 1013.5 z
East Devon,M 248.5 996.5 L 248.5 1011.5 L 263.5 1011.5 L 263.5 996.5 z
Torbay,M 231.5 996.5 L 231.5 1011.5 L 246.5 1011.5 L 246.5 996.5 z
"Plymouth, Sutton and Devonport",M 197.5 996.5 L 197.5 1011.5 L 212.5 1011.5 L 212.5 996.5 z
South East Cornwall,M 180.5 996.5 L 180.5 1011.5 L 195.5 1011.5 L 195.5 996.5 z
St. Austell and Newquay,M 163.5 996.5 L 163.5 1011.5 L 178.5 1011.5 L 178.5 996.5 z
Isle of Wight,M 333.5 979.5 L 333.5 994.5 L 348.5 994.5 L 348.5 979.5 z
West Dorset,M 248.5 979.5 L 248.5 994.5 L 263.5 994.5 L 263.5 979.5 z
Exeter,M 231.5 979.5 L 231.5 994.5 L 246.5 994.5 L 246.5 979.5 z
Totnes,M 214.5 979.5 L 214.5 994.5 L 229.5 994.5 L 229.5 979.5 z
South West Devon,M 197.5 979.5 L 197.5 994.5 L 212.5 994.5 L 212.5 979.5 z
North Cornwall,M 180.5 979.5 L 180.5 994.5 L 195.5 994.5 L 195.5 979.5 z
Havant,M 350.5 962.5 L 350.5 977.5 L 365.5 977.5 L 365.5 962.5 z
Portsmouth South,M 333.5 962.5 L 333.5 977.5 L 348.5 977.5 L 348.5 962.5 z
New Forest East,M 316.5 962.5 L 316.5 977.5 L 331.5 977.5 L 331.5 962.5 z
South Dorset,M 265.5 962.5 L 265.5 977.5 L 280.5 977.5 L 280.5 962.5 z
Yeovil,M 248.5 962.5 L 248.5 977.5 L 263.5 977.5 L 263.5 962.5 z
Tiverton and Honiton,M 231.5 962.5 L 231.5 977.5 L 246.5 977.5 L 246.5 962.5 z
Newton Abbot,M 214.5 962.5 L 214.5 977.5 L 229.5 977.5 L 229.5 962.5 z
"Plymouth, Moor View",M 197.5 962.5 L 197.5 977.5 L 212.5 977.5 L 212.5 962.5 z
"Brighton, Pavilion",M 435.5 945.5 L 435.5 960.5 L 450.5 960.5 L 450.5 945.5 z
East Worthing and Shoreham,M 384.5 945.5 L 384.5 960.5 L 399.5 960.5 L 399.5 945.5 z
Worthing West,M 367.5 945.5 L 367.5 960.5 L 382.5 960.5 L 382.5 945.5 z
Bognor Regis and Littlehampton,M 350.5 945.5 L 350.5 960.5 L 365.5 960.5 L 365.5 945.5 z
Gosport,M 333.5 945.5 L 333.5 960.5 L 348.5 960.5 L 348.5 945.5 z
"Southampton, Itchen",M 316.5 945.5 L 316.5 960.5 L 331.5 960.5 L 331.5 945.5 z
Bournemouth East,M 299.5 945.5 L 299.5 960.5 L 314.5 960.5 L 314.5 945.5 z
Poole,M 282.5 945.5 L 282.5 960.5 L 297.5 960.5 L 297.5 945.5 z
North Dorset,M 265.5 945.5 L 265.5 960.5 L 280.5 960.5 L 280.5 945.5 z
Wells,M 248.5 945.5 L 248.5 960.5 L 263.5 960.5 L 263.5 945.5 z
Taunton Deane,M 231.5 945.5 L 231.5 960.5 L 246.5 960.5 L 246.5 945.5 z
Central Devon,M 214.5 945.5 L 214.5 960.5 L 229.5 960.5 L 229.5 945.5 z
Torridge and West Devon,M 197.5 945.5 L 197.5 960.5 L 212.5 960.5 L 212.5 945.5 z
Bexhill and Battle,M 520.5 928.5 L 520.5 943.5 L 535.5 943.5 L 535.5 928.5 z
Eastbourne,M 503.5 928.5 L 503.5 943.5 L 518.5 943.5 L 518.5 928.5 z
Wealden,M 486.5 928.5 L 486.5 943.5 L 501.5 943.5 L 501.5 928.5 z
Lewes,M 469.5 928.5 L 469.5 943.5 L 484.5 943.5 L 484.5 928.5 z
"Brighton, Kemptown",M 452.5 928.5 L 452.5 943.5 L 467.5 943.5 L 467.5 928.5 z
Mid Sussex,M 435.5 928.5 L 435.5 943.5 L 450.5 943.5 L 450.5 928.5 z
Crawley,M 418.5 928.5 L 418.5 943.5 L 433.5 943.5 L 433.5 928.5 z
Hove,M 401.5 928.5 L 401.5 943.5 L 416.5 943.5 L 416.5 928.5 z
Horsham,M 384.5 928.5 L 384.5 943.5 L 399.5 943.5 L 399.5 928.5 z
Arundel and South Downs,M 367.5 928.5 L 367.5 943.5 L 382.5 943.5 L 382.5 928.5 z
Chichester,M 350.5 928.5 L 350.5 943.5 L 365.5 943.5 L 365.5 928.5 z
Portsmouth North,M 333.5 928.5 L 333.5 943.5 L 348.5 943.5 L 348.5 928.5 z
Eastleigh,M 316.5 928.5 L 316.5 943.5 L 331.5 943.5 L 331.5 928.5 z
Christchurch,M 299.5 928.5 L 299.5 943.5 L 314.5 943.5 L 314.5 928.5 z
Bournemouth West,M 282.5 928.5 L 282.5 943.5 L 297.5 943.5 L 297.5 928.5 z
Somerton and Frome,M 265.5 928.5 L 265.5 943.5 L 280.5 943.5 L 280.5 928.5 z
Bristol North West,M 248.5 928.5 L 248.5 943.5 L 263.5 943.5 L 263.5 928.5 z
Bridgwater and West Somerset,M 231.5 928.5 L 231.5 943.5 L 246.5 943.5 L 246.5 928.5 z
North Devon,M 214.5 928.5 L 214.5 943.5 L 229.5 943.5 L 229.5 928.5 z
Hastings and Rye,M 537.5 911.5 L 537.5 926.5 L 552.5 926.5 L 552.5 911.5 z
Tunbridge Wells,M 520.5 911.5 L 520.5 926.5 L 535.5 926.5 L 535.5 911.5 z
Tonbridge and Malling,M 503.5 911.5 L 503.5 926.5 L 518.5 926.5 L 518.5 911.5 z
Orpington,M 486.5 911.5 L 486.5 926.5 L 501.5 926.5 L 501.5 911.5 z
Croydon Central,M 469.5 911.5 L 469.5 926.5 L 484.5 926.5 L 484.5 911.5 z
East Surrey,M 452.5 911.5 L 452.5 926.5 L 467.5 926.5 L 467.5 911.5 z
Croydon South,M 435.5 911.5 L 435.5 926.5 L 450.5 926.5 L 450.5 911.5 z
Reigate,M 418.5 911.5 L 418.5 926.5 L 433.5 926.5 L 433.5 911.5 z
Epsom and Ewell,M 401.5 911.5 L 401.5 926.5 L 416.5 926.5 L 416.5 911.5 z
Mole Valley,M 384.5 911.5 L 384.5 926.5 L 399.5 926.5 L 399.5 911.5 z
Guildford,M 367.5 911.5 L 367.5 926.5 L 382.5 926.5 L 382.5 911.5 z
East Hampshire,M 350.5 911.5 L 350.5 926.5 L 365.5 926.5 L 365.5 911.5 z
Fareham,M 333.5 911.5 L 333.5 926.5 L 348.5 926.5 L 348.5 911.5 z
"Southampton, Test",M 316.5 911.5 L 316.5 926.5 L 331.5 926.5 L 331.5 911.5 z
New Forest West,M 299.5 911.5 L 299.5 926.5 L 314.5 926.5 L 314.5 911.5 z
Mid Dorset and North Poole,M 282.5 911.5 L 282.5 926.5 L 297.5 926.5 L 297.5 911.5 z
North East Somerset,M 265.5 911.5 L 265.5 926.5 L 280.5 926.5 L 280.5 911.5 z
North Somerset,M 248.5 911.5 L 248.5 926.5 L 263.5 926.5 L 263.5 911.5 z
Weston-Super-Mare,M 231.5 911.5 L 231.5 926.5 L 246.5 926.5 L 246.5 911.5 z
Dover,M 571.5 894.5 L 571.5 909.5 L 586.5 909.5 L 586.5 894.5 z
Folkestone and Hythe,M 554.5 894.5 L 554.5 909.5 L 569.5 909.5 L 569.5 894.5 z
Ashford,M 537.5 894.5 L 537.5 909.5 L 552.5 909.5 L 552.5 894.5 z
Maidstone and The Weald,M 520.5 894.5 L 520.5 909.5 L 535.5 909.5 L 535.5 894.5 z
Sevenoaks,M 503.5 894.5 L 503.5 909.5 L 518.5 909.5 L 518.5 894.5 z
Bromley and Chislehurst,M 486.5 894.5 L 486.5 909.5 L 501.5 909.5 L 501.5 894.5 z
Beckenham,M 469.5 894.5 L 469.5 909.5 L 484.5 909.5 L 484.5 894.5 z
Croydon North,M 452.5 894.5 L 452.5 909.5 L 467.5 909.5 L 467.5 894.5 z
Carshalton and Wallington,M 435.5 894.5 L 435.5 909.5 L 450.5 909.5 L 450.5 894.5 z
Sutton and Cheam,M 418.5 894.5 L 418.5 909.5 L 433.5 909.5 L 433.5 894.5 z
Kingston and Surbiton,M 401.5 894.5 L 401.5 909.5 L 416.5 909.5 L 416.5 894.5 z
Esher and Walton,M 384.5 894.5 L 384.5 909.5 L 399.5 909.5 L 399.5 894.5 z
Woking,M 367.5 894.5 L 367.5 909.5 L 382.5 909.5 L 382.5 894.5 z
South West Surrey,M 350.5 894.5 L 350.5 909.5 L 365.5 909.5 L 365.5 894.5 z
Meon Valley,M 333.5 894.5 L 333.5 909.5 L 348.5 909.5 L 348.5 894.5 z
Winchester,M 316.5 894.5 L 316.5 909.5 L 331.5 909.5 L 331.5 894.5 z
Salisbury,M 299.5 894.5 L 299.5 909.5 L 314.5 909.5 L 314.5 894.5 z
Chatham and Aylesford,M 520.5 877.5 L 520.5 892.5 L 535.5 892.5 L 535.5 877.5 z
Dartford,M 503.5 877.5 L 503.5 892.5 L 518.5 892.5 L 518.5 877.5 z
Eltham,M 486.5 877.5 L 486.5 892.5 L 501.5 892.5 L 501.5 877.5 z
Lewisham West and Penge,M 469.5 877.5 L 469.5 892.5 L 484.5 892.5 L 484.5 877.5 z
Dulwich and West Norwood,M 452.5 877.5 L 452.5 892.5 L 467.5 892.5 L 467.5 877.5 z
Streatham,M 435.5 877.5 L 435.5 892.5 L 450.5 892.5 L 450.5 877.5 z
Mitcham and Morden,M 418.5 877.5 L 418.5 892.5 L 433.5 892.5 L 433.5 877.5 z
Wimbledon,M 401.5 877.5 L 401.5 892.5 L 416.5 892.5 L 416.5 877.5 z
Twickenham,M 384.5 877.5 L 384.5 892.5 L 399.5 892.5 L 399.5 877.5 z
Runnymede and Weybridge,M 367.5 877.5 L 367.5 892.5 L 382.5 892.5 L 382.5 877.5 z
Aldershot,M 350.5 877.5 L 350.5 892.5 L 365.5 892.5 L 365.5 877.5 z
North East Hampshire,M 333.5 877.5 L 333.5 892.5 L 348.5 892.5 L 348.5 877.5 z
Romsey and Southampton North,M 316.5 877.5 L 316.5 892.5 L 331.5 892.5 L 331.5 877.5 z
South West Wiltshire,M 282.5 877.5 L 282.5 892.5 L 297.5 892.5 L 297.5 877.5 z
Bristol South,M 265.5 877.5 L 265.5 892.5 L 280.5 892.5 L 280.5 877.5 z
Cardiff South and Penarth,M 248.5 877.5 L 248.5 892.5 L 263.5 892.5 L 263.5 877.5 z
Faversham and Mid Kent,M 520.5 860.5 L 520.5 875.5 L 535.5 875.5 L 535.5 860.5 z
Bexleyheath and Crayford,M 503.5 860.5 L 503.5 875.5 L 518.5 875.5 L 518.5 860.5 z
Old Bexley and Sidcup,M 486.5 860.5 L 486.5 875.5 L 501.5 875.5 L 501.5 860.5 z
Lewisham East,M 469.5 860.5 L 469.5 875.5 L 484.5 875.5 L 484.5 860.5 z
Camberwell and Peckham,M 452.5 860.5 L 452.5 875.5 L 467.5 875.5 L 467.5 860.5 z
Vauxhall,M 435.5 860.5 L 435.5 875.5 L 450.5 875.5 L 450.5 860.5 z
Tooting,M 418.5 860.5 L 418.5 875.5 L 433.5 875.5 L 433.5 860.5 z
Putney,M 401.5 860.5 L 401.5 875.5 L 416.5 875.5 L 416.5 860.5 z
Brentford and Isleworth,M 384.5 860.5 L 384.5 875.5 L 399.5 875.5 L 399.5 860.5 z
Spelthorne,M 367.5 860.5 L 367.5 875.5 L 382.5 875.5 L 382.5 860.5 z
Surrey Heath,M 350.5 860.5 L 350.5 875.5 L 365.5 875.5 L 365.5 860.5 z
Basingstoke,M 333.5 860.5 L 333.5 875.5 L 348.5 875.5 L 348.5 860.5 z
North West Hampshire,M 316.5 860.5 L 316.5 875.5 L 331.5 875.5 L 331.5 860.5 z
Devizes,M 299.5 860.5 L 299.5 875.5 L 314.5 875.5 L 314.5 860.5 z
Chippenham,M 282.5 860.5 L 282.5 875.5 L 297.5 875.5 L 297.5 860.5 z
Kingswood,M 265.5 860.5 L 265.5 875.5 L 280.5 875.5 L 280.5 860.5 z
Newport East,M 248.5 860.5 L 248.5 875.5 L 263.5 875.5 L 263.5 860.5 z
Cardiff North,M 231.5 860.5 L 231.5 875.5 L 246.5 875.5 L 246.5 860.5 z
Vale of Glamorgan,M 214.5 860.5 L 214.5 875.5 L 229.5 875.5 L 229.5 860.5 z
Gower,M 180.5 860.5 L 180.5 875.5 L 195.5 875.5 L 195.5 860.5 z
Carmarthen West and South Pembrokeshire,M 163.5 860.5 L 163.5 875.5 L 178.5 875.5 L 178.5 860.5 z
Gravesham,M 520.5 843.5 L 520.5 858.5 L 535.5 858.5 L 535.5 843.5 z
Erith and Thamesmead,M 503.5 843.5 L 503.5 858.5 L 518.5 858.5 L 518.5 843.5 z
Greenwich and Woolwich,M 486.5 843.5 L 486.5 858.5 L 501.5 858.5 L 501.5 843.5 z
"Lewisham, Deptford",M 469.5 843.5 L 469.5 858.5 L 484.5 858.5 L 484.5 843.5 z
Bermondsey and Old Southwark,M 452.5 843.5 L 452.5 858.5 L 467.5 858.5 L 467.5 843.5 z
Battersea,M 435.5 843.5 L 435.5 858.5 L 450.5 858.5 L 450.5 843.5 z
Chelsea and Fulham,M 418.5 843.5 L 418.5 858.5 L 433.5 858.5 L 433.5 843.5 z
Richmond Park,M 401.5 843.5 L 401.5 858.5 L 416.5 858.5 L 416.5 843.5 z
Feltham and Heston,M 384.5 843.5 L 384.5 858.5 L 399.5 858.5 L 399.5 843.5 z
Hayes and Harlington,M 367.5 843.5 L 367.5 858.5 L 382.5 858.5 L 382.5 843.5 z
Windsor,M 350.5 843.5 L 350.5 858.5 L 365.5 858.5 L 365.5 843.5 z
Wokingham,M 333.5 843.5 L 333.5 858.5 L 348.5 858.5 L 348.5 843.5 z
Newbury,M 316.5 843.5 L 316.5 858.5 L 331.5 858.5 L 331.5 843.5 z
South Swindon,M 299.5 843.5 L 299.5 858.5 L 314.5 858.5 L 314.5 843.5 z
Bath,M 282.5 843.5 L 282.5 858.5 L 297.5 858.5 L 297.5 843.5 z
Bristol East,M 265.5 843.5 L 265.5 858.5 L 280.5 858.5 L 280.5 843.5 z
Newport West,M 248.5 843.5 L 248.5 858.5 L 263.5 858.5 L 263.5 843.5 z
Cardiff West,M 231.5 843.5 L 231.5 858.5 L 246.5 858.5 L 246.5 843.5 z
Bridgend,M 214.5 843.5 L 214.5 858.5 L 229.5 858.5 L 229.5 843.5 z
Swansea East,M 197.5 843.5 L 197.5 858.5 L 212.5 858.5 L 212.5 843.5 z
Llanelli,M 180.5 843.5 L 180.5 858.5 L 195.5 858.5 L 195.5 843.5 z
Preseli Pembrokeshire,M 163.5 843.5 L 163.5 858.5 L 178.5 858.5 L 178.5 843.5 z
Canterbury,M 554.5 826.5 L 554.5 841.5 L 569.5 841.5 L 569.5 826.5 z
Sittingbourne and Sheppey,M 537.5 826.5 L 537.5 841.5 L 552.5 841.5 L 552.5 826.5 z
Gillingham and Rainham,M 520.5 826.5 L 520.5 841.5 L 535.5 841.5 L 535.5 826.5 z
Thurrock,M 503.5 826.5 L 503.5 841.5 L 518.5 841.5 L 518.5 826.5 z
East Ham,M 486.5 826.5 L 486.5 841.5 L 501.5 841.5 L 501.5 826.5 z
Poplar and Limehouse,M 469.5 826.5 L 469.5 841.5 L 484.5 841.5 L 484.5 826.5 z
Bethnal Green and Bow,M 452.5 826.5 L 452.5 841.5 L 467.5 841.5 L 467.5 826.5 z
Cities of London and Westminster,M 435.5 826.5 L 435.5 841.5 L 450.5 841.5 L 450.5 826.5 z
Kensington,M 418.5 826.5 L 418.5 841.5 L 433.5 841.5 L 433.5 826.5 z
Hammersmith,M 401.5 826.5 L 401.5 841.5 L 416.5 841.5 L 416.5 826.5 z
"Ealing, Southall",M 384.5 826.5 L 384.5 841.5 L 399.5 841.5 L 399.5 826.5 z
Uxbridge and South Ruislip,M 367.5 826.5 L 367.5 841.5 L 382.5 841.5 L 382.5 826.5 z
Bracknell,M 350.5 826.5 L 350.5 841.5 L 365.5 841.5 L 365.5 826.5 z
Reading West,M 333.5 826.5 L 333.5 841.5 L 348.5 841.5 L 348.5 826.5 z
Wantage,M 316.5 826.5 L 316.5 841.5 L 331.5 841.5 L 331.5 826.5 z
North Wiltshire,M 299.5 826.5 L 299.5 841.5 L 314.5 841.5 L 314.5 826.5 z
Thornbury and Yate,M 282.5 826.5 L 282.5 841.5 L 297.5 841.5 L 297.5 826.5 z
Bristol West,M 265.5 826.5 L 265.5 841.5 L 280.5 841.5 L 280.5 826.5 z
Cardiff Central,M 248.5 826.5 L 248.5 841.5 L 263.5 841.5 L 263.5 826.5 z
Pontypridd,M 231.5 826.5 L 231.5 841.5 L 246.5 841.5 L 246.5 826.5 z
Ogmore,M 214.5 826.5 L 214.5 841.5 L 229.5 841.5 L 229.5 826.5 z
Swansea West,M 197.5 826.5 L 197.5 841.5 L 212.5 841.5 L 212.5 826.5 z
Carmarthen East and Dinefwr,M 180.5 826.5 L 180.5 841.5 L 195.5 841.5 L 195.5 826.5 z
North Thanet,M 554.5 809.5 L 554.5 824.5 L 569.5 824.5 L 569.5 809.5 z
Castle Point,M 537.5 809.5 L 537.5 824.5 L 552.5 824.5 L 552.5 809.5 z
Rochester and Strood,M 520.5 809.5 L 520.5 824.5 L 535.5 824.5 L 535.5 809.5 z
Dagenham and Rainham,M 503.5 809.5 L 503.5 824.5 L 518.5 824.5 L 518.5 809.5 z
Barking,M 486.5 809.5 L 486.5 824.5 L 501.5 824.5 L 501.5 809.5 z
West Ham,M 469.5 809.5 L 469.5 824.5 L 484.5 824.5 L 484.5 809.5 z
Hackney South and Shoreditch,M 452.5 809.5 L 452.5 824.5 L 467.5 824.5 L 467.5 809.5 z
Islington South and Finsbury,M 435.5 809.5 L 435.5 824.5 L 450.5 824.5 L 450.5 809.5 z
Westminster North,M 418.5 809.5 L 418.5 824.5 L 433.5 824.5 L 433.5 809.5 z
Ealing Central and Acton,M 401.5 809.5 L 401.5 824.5 L 416.5 824.5 L 416.5 809.5 z
Ealing North,M 384.5 809.5 L 384.5 824.5 L 399.5 824.5 L 399.5 809.5 z
Slough,M 367.5 809.5 L 367.5 824.5 L 382.5 824.5 L 382.5 809.5 z
Maidenhead,M 350.5 809.5 L 350.5 824.5 L 365.5 824.5 L 365.5 809.5 z
Henley,M 333.5 809.5 L 333.5 824.5 L 348.5 824.5 L 348.5 809.5 z
North Swindon,M 316.5 809.5 L 316.5 824.5 L 331.5 824.5 L 331.5 809.5 z
The Cotswolds,M 299.5 809.5 L 299.5 824.5 L 314.5 824.5 L 314.5 809.5 z
Stroud,M 282.5 809.5 L 282.5 824.5 L 297.5 824.5 L 297.5 809.5 z
Filton and Bradley Stoke,M 265.5 809.5 L 265.5 824.5 L 280.5 824.5 L 280.5 809.5 z
Caerphilly,M 248.5 809.5 L 248.5 824.5 L 263.5 824.5 L 263.5 809.5 z
Rhondda,M 231.5 809.5 L 231.5 824.5 L 246.5 824.5 L 246.5 809.5 z
Aberavon,M 214.5 809.5 L 214.5 824.5 L 229.5 824.5 L 229.5 809.5 z
South Thanet,M 571.5 792.5 L 571.5 807.5 L 586.5 807.5 L 586.5 792.5 z
Rochford and Southend East,M 554.5 792.5 L 554.5 807.5 L 569.5 807.5 L 569.5 792.5 z
Southend West,M 537.5 792.5 L 537.5 807.5 L 552.5 807.5 L 552.5 792.5 z
South Basildon and East Thurrock,M 520.5 792.5 L 520.5 807.5 L 535.5 807.5 L 535.5 792.5 z
Hornchurch and Upminster,M 503.5 792.5 L 503.5 807.5 L 518.5 807.5 L 518.5 792.5 z
Ilford South,M 486.5 792.5 L 486.5 807.5 L 501.5 807.5 L 501.5 792.5 z
Leyton and Wanstead,M 469.5 792.5 L 469.5 807.5 L 484.5 807.5 L 484.5 792.5 z
Hackney North and Stoke Newington,M 452.5 792.5 L 452.5 807.5 L 467.5 807.5 L 467.5 792.5 z
Holborn and St. Pancras,M 435.5 792.5 L 435.5 807.5 L 450.5 807.5 L 450.5 792.5 z
Hampstead and Kilburn,M 418.5 792.5 L 418.5 807.5 L 433.5 807.5 L 433.5 792.5 z
Brent Central,M 401.5 792.5 L 401.5 807.5 L 416.5 807.5 L 416.5 792.5 z
Harrow West,M 384.5 792.5 L 384.5 807.5 L 399.5 807.5 L 399.5 792.5 z
Beaconsfield,M 367.5 792.5 L 367.5 807.5 L 382.5 807.5 L 382.5 792.5 z
Reading East,M 350.5 792.5 L 350.5 807.5 L 365.5 807.5 L 365.5 792.5 z
Oxford East,M 333.5 792.5 L 333.5 807.5 L 348.5 807.5 L 348.5 792.5 z
Witney,M 316.5 792.5 L 316.5 807.5 L 331.5 807.5 L 331.5 792.5 z
Cheltenham,M 299.5 792.5 L 299.5 807.5 L 314.5 807.5 L 314.5 792.5 z
Gloucester,M 282.5 792.5 L 282.5 807.5 L 297.5 807.5 L 297.5 792.5 z
Torfaen,M 265.5 792.5 L 265.5 807.5 L 280.5 807.5 L 280.5 792.5 z
Islwyn,M 248.5 792.5 L 248.5 807.5 L 263.5 807.5 L 263.5 792.5 z
Cynon Valley,M 231.5 792.5 L 231.5 807.5 L 246.5 807.5 L 246.5 792.5 z
Clacton,M 571.5 775.5 L 571.5 790.5 L 586.5 790.5 L 586.5 775.5 z
Harwich and North Essex,M 554.5 775.5 L 554.5 790.5 L 569.5 790.5 L 569.5 775.5 z
Maldon,M 537.5 775.5 L 537.5 790.5 L 552.5 790.5 L 552.5 775.5 z
Rayleigh and Wickford,M 520.5 775.5 L 520.5 790.5 L 535.5 790.5 L 535.5 775.5 z
Basildon and Billericay,M 503.5 775.5 L 503.5 790.5 L 518.5 790.5 L 518.5 775.5 z
Romford,M 486.5 775.5 L 486.5 790.5 L 501.5 790.5 L 501.5 775.5 z
Walthamstow,M 469.5 775.5 L 469.5 790.5 L 484.5 790.5 L 484.5 775.5 z
Tottenham,M 452.5 775.5 L 452.5 790.5 L 467.5 790.5 L 467.5 775.5 z
Islington North,M 435.5 775.5 L 435.5 790.5 L 450.5 790.5 L 450.5 775.5 z
Finchley and Golders Green,M 418.5 775.5 L 418.5 790.5 L 433.5 790.5 L 433.5 775.5 z
Brent North,M 401.5 775.5 L 401.5 790.5 L 416.5 790.5 L 416.5 775.5 z
"Ruislip, Northwood and Pinner",M 384.5 775.5 L 384.5 790.5 L 399.5 790.5 L 399.5 775.5 z
Chesham and Amersham,M 367.5 775.5 L 367.5 790.5 L 382.5 790.5 L 382.5 775.5 z
Wycombe,M 350.5 775.5 L 350.5 790.5 L 365.5 790.5 L 365.5 775.5 z
Oxford West and Abingdon,M 333.5 775.5 L 333.5 790.5 L 348.5 790.5 L 348.5 775.5 z
Stratford-on-Avon,M 316.5 775.5 L 316.5 790.5 L 331.5 790.5 L 331.5 775.5 z
Tewkesbury,M 299.5 775.5 L 299.5 790.5 L 314.5 790.5 L 314.5 775.5 z
Forest of Dean,M 282.5 775.5 L 282.5 790.5 L 297.5 790.5 L 297.5 775.5 z
Monmouth,M 265.5 775.5 L 265.5 790.5 L 280.5 790.5 L 280.5 775.5 z
Blaenau Gwent,M 248.5 775.5 L 248.5 790.5 L 263.5 790.5 L 263.5 775.5 z
Neath,M 231.5 775.5 L 231.5 790.5 L 246.5 790.5 L 246.5 775.5 z
Suffolk Coastal,M 571.5 758.5 L 571.5 773.5 L 586.5 773.5 L 586.5 758.5 z
Ipswich,M 554.5 758.5 L 554.5 773.5 L 569.5 773.5 L 569.5 758.5 z
Colchester,M 537.5 758.5 L 537.5 773.5 L 552.5 773.5 L 552.5 758.5 z
Witham,M 520.5 758.5 L 520.5 773.5 L 535.5 773.5 L 535.5 758.5 z
Chelmsford,M 503.5 758.5 L 503.5 773.5 L 518.5 773.5 L 518.5 758.5 z
Ilford North,M 486.5 758.5 L 486.5 773.5 L 501.5 773.5 L 501.5 758.5 z
Chingford and Woodford Green,M 469.5 758.5 L 469.5 773.5 L 484.5 773.5 L 484.5 758.5 z
Edmonton,M 452.5 758.5 L 452.5 773.5 L 467.5 773.5 L 467.5 758.5 z
Hornsey and Wood Green,M 435.5 758.5 L 435.5 773.5 L 450.5 773.5 L 450.5 758.5 z
Hendon,M 418.5 758.5 L 418.5 773.5 L 433.5 773.5 L 433.5 758.5 z
Harrow East,M 401.5 758.5 L 401.5 773.5 L 416.5 773.5 L 416.5 758.5 z
Watford,M 384.5 758.5 L 384.5 773.5 L 399.5 773.5 L 399.5 758.5 z
South West Hertfordshire,M 367.5 758.5 L 367.5 773.5 L 382.5 773.5 L 382.5 758.5 z
Buckingham,M 350.5 758.5 L 350.5 773.5 L 365.5 773.5 L 365.5 758.5 z
Banbury,M 333.5 758.5 L 333.5 773.5 L 348.5 773.5 L 348.5 758.5 z
Redditch,M 316.5 758.5 L 316.5 773.5 L 331.5 773.5 L 331.5 758.5 z
Mid Worcestershire,M 299.5 758.5 L 299.5 773.5 L 314.5 773.5 L 314.5 758.5 z
Worcester,M 282.5 758.5 L 282.5 773.5 L 297.5 773.5 L 297.5 758.5 z
Hereford and South Herefordshire,M 265.5 758.5 L 265.5 773.5 L 280.5 773.5 L 280.5 758.5 z
Merthyr Tydfil and Rhymney,M 248.5 758.5 L 248.5 773.5 L 263.5 773.5 L 263.5 758.5 z
Brecon and Radnorshire,M 231.5 758.5 L 231.5 773.5 L 246.5 773.5 L 246.5 758.5 z
Great Yarmouth,M 571.5 741.5 L 571.5 756.5 L 586.5 756.5 L 586.5 741.5 z
Waveney,M 554.5 741.5 L 554.5 756.5 L 569.5 756.5 L 569.5 741.5 z
Central Suffolk and North Ipswich,M 537.5 741.5 L 537.5 756.5 L 552.5 756.5 L 552.5 741.5 z
South Suffolk,M 520.5 741.5 L 520.5 756.5 L 535.5 756.5 L 535.5 741.5 z
Braintree,M 503.5 741.5 L 503.5 756.5 L 518.5 756.5 L 518.5 741.5 z
Brentwood and Ongar,M 486.5 741.5 L 486.5 756.5 L 501.5 756.5 L 501.5 741.5 z
Epping Forest,M 469.5 741.5 L 469.5 756.5 L 484.5 756.5 L 484.5 741.5 z
Enfield North,M 452.5 741.5 L 452.5 756.5 L 467.5 756.5 L 467.5 741.5 z
"Enfield, Southgate",M 435.5 741.5 L 435.5 756.5 L 450.5 756.5 L 450.5 741.5 z
Chipping Barnet,M 418.5 741.5 L 418.5 756.5 L 433.5 756.5 L 433.5 741.5 z
St. Albans,M 401.5 741.5 L 401.5 756.5 L 416.5 756.5 L 416.5 741.5 z
Hemel Hempstead,M 384.5 741.5 L 384.5 756.5 L 399.5 756.5 L 399.5 741.5 z
Aylesbury,M 367.5 741.5 L 367.5 756.5 L 382.5 756.5 L 382.5 741.5 z
South Northamptonshire,M 350.5 741.5 L 350.5 756.5 L 365.5 756.5 L 365.5 741.5 z
Warwick and Leamington,M 333.5 741.5 L 333.5 756.5 L 348.5 756.5 L 348.5 741.5 z
Meriden,M 316.5 741.5 L 316.5 756.5 L 331.5 756.5 L 331.5 741.5 z
Bromsgrove,M 299.5 741.5 L 299.5 756.5 L 314.5 756.5 L 314.5 741.5 z
West Worcestershire,M 282.5 741.5 L 282.5 756.5 L 297.5 756.5 L 297.5 741.5 z
North Herefordshire,M 265.5 741.5 L 265.5 756.5 L 280.5 756.5 L 280.5 741.5 z
Montgomeryshire,M 248.5 741.5 L 248.5 756.5 L 263.5 756.5 L 263.5 741.5 z
Dwyfor Meirionnydd,M 231.5 741.5 L 231.5 756.5 L 246.5 756.5 L 246.5 741.5 z
Ceredigion,M 197.5 741.5 L 197.5 756.5 L 212.5 756.5 L 212.5 741.5 z
South Norfolk,M 554.5 724.5 L 554.5 739.5 L 569.5 739.5 L 569.5 724.5 z
Norwich South,M 537.5 724.5 L 537.5 739.5 L 552.5 739.5 L 552.5 724.5 z
Norwich North,M 520.5 724.5 L 520.5 739.5 L 535.5 739.5 L 535.5 724.5 z
Bury St. Edmunds,M 503.5 724.5 L 503.5 739.5 L 518.5 739.5 L 518.5 724.5 z
Harlow,M 469.5 724.5 L 469.5 739.5 L 484.5 739.5 L 484.5 724.5 z
Broxbourne,M 452.5 724.5 L 452.5 739.5 L 467.5 739.5 L 467.5 724.5 z
Welwyn Hatfield,M 435.5 724.5 L 435.5 739.5 L 450.5 739.5 L 450.5 724.5 z
Hertsmere,M 418.5 724.5 L 418.5 739.5 L 433.5 739.5 L 433.5 724.5 z
Luton South,M 401.5 724.5 L 401.5 739.5 L 416.5 739.5 L 416.5 724.5 z
South West Bedfordshire,M 384.5 724.5 L 384.5 739.5 L 399.5 739.5 L 399.5 724.5 z
Milton Keynes South,M 367.5 724.5 L 367.5 739.5 L 382.5 739.5 L 382.5 724.5 z
Kenilworth and Southam,M 350.5 724.5 L 350.5 739.5 L 365.5 739.5 L 365.5 724.5 z
Coventry South,M 333.5 724.5 L 333.5 739.5 L 348.5 739.5 L 348.5 724.5 z
Solihull,M 316.5 724.5 L 316.5 739.5 L 331.5 739.5 L 331.5 724.5 z
"Birmingham, Northfield",M 299.5 724.5 L 299.5 739.5 L 314.5 739.5 L 314.5 724.5 z
Stourbridge,M 282.5 724.5 L 282.5 739.5 L 297.5 739.5 L 297.5 724.5 z
Clwyd South,M 265.5 724.5 L 265.5 739.5 L 280.5 739.5 L 280.5 724.5 z
Vale of Clwyd,M 248.5 724.5 L 248.5 739.5 L 263.5 739.5 L 263.5 724.5 z
Aberconwy,M 231.5 724.5 L 231.5 739.5 L 246.5 739.5 L 246.5 724.5 z
Arfon,M 214.5 724.5 L 214.5 739.5 L 229.5 739.5 L 229.5 724.5 z
Broadland,M 486.5 707.5 L 486.5 722.5 L 501.5 722.5 L 501.5 707.5 z
Saffron Walden,M 469.5 707.5 L 469.5 722.5 L 484.5 722.5 L 484.5 707.5 z
Hertford and Stortford,M 452.5 707.5 L 452.5 722.5 L 467.5 722.5 L 467.5 707.5 z
Stevenage,M 435.5 707.5 L 435.5 722.5 L 450.5 722.5 L 450.5 707.5 z
Hitchin and Harpenden,M 418.5 707.5 L 418.5 722.5 L 433.5 722.5 L 433.5 707.5 z
Luton North,M 401.5 707.5 L 401.5 722.5 L 416.5 722.5 L 416.5 707.5 z
Milton Keynes North,M 384.5 707.5 L 384.5 722.5 L 399.5 722.5 L 399.5 707.5 z
Northampton South,M 367.5 707.5 L 367.5 722.5 L 382.5 722.5 L 382.5 707.5 z
Rugby,M 350.5 707.5 L 350.5 722.5 L 365.5 722.5 L 365.5 707.5 z
Coventry North West,M 333.5 707.5 L 333.5 722.5 L 348.5 722.5 L 348.5 707.5 z
"Birmingham, Hall Green",M 316.5 707.5 L 316.5 722.5 L 331.5 722.5 L 331.5 707.5 z
"Birmingham, Edgbaston",M 299.5 707.5 L 299.5 722.5 L 314.5 722.5 L 314.5 707.5 z
Wrexham,M 282.5 707.5 L 282.5 722.5 L 297.5 722.5 L 297.5 707.5 z
Alyn and Deeside,M 265.5 707.5 L 265.5 722.5 L 280.5 722.5 L 280.5 707.5 z
Delyn,M 248.5 707.5 L 248.5 722.5 L 263.5 722.5 L 263.5 707.5 z
Clwyd West,M 231.5 707.5 L 231.5 722.5 L 246.5 722.5 L 246.5 707.5 z
North Norfolk,M 486.5 690.5 L 486.5 705.5 L 501.5 705.5 L 501.5 690.5 z
West Suffolk,M 469.5 690.5 L 469.5 705.5 L 484.5 705.5 L 484.5 690.5 z
Cambridge,M 452.5 690.5 L 452.5 705.5 L 467.5 705.5 L 467.5 690.5 z
North East Hertfordshire,M 435.5 690.5 L 435.5 705.5 L 450.5 705.5 L 450.5 690.5 z
Mid Bedfordshire,M 418.5 690.5 L 418.5 705.5 L 433.5 705.5 L 433.5 690.5 z
Bedford,M 401.5 690.5 L 401.5 705.5 L 416.5 705.5 L 416.5 690.5 z
Northampton North,M 384.5 690.5 L 384.5 705.5 L 399.5 705.5 L 399.5 690.5 z
Daventry,M 367.5 690.5 L 367.5 705.5 L 382.5 705.5 L 382.5 690.5 z
Coventry North East,M 350.5 690.5 L 350.5 705.5 L 365.5 705.5 L 365.5 690.5 z
"Birmingham, Yardley",M 333.5 690.5 L 333.5 705.5 L 348.5 705.5 L 348.5 690.5 z
"Birmingham, Selly Oak",M 316.5 690.5 L 316.5 705.5 L 331.5 705.5 L 331.5 690.5 z
Warley,M 299.5 690.5 L 299.5 705.5 L 314.5 705.5 L 314.5 690.5 z
Wyre Forest,M 282.5 690.5 L 282.5 705.5 L 297.5 705.5 L 297.5 690.5 z
Ynys Mon,M 214.5 690.5 L 214.5 705.5 L 229.5 705.5 L 229.5 690.5 z
Mid Norfolk,M 469.5 673.5 L 469.5 688.5 L 484.5 688.5 L 484.5 673.5 z
South East Cambridgeshire,M 452.5 673.5 L 452.5 688.5 L 467.5 688.5 L 467.5 673.5 z
South Cambridgeshire,M 435.5 673.5 L 435.5 688.5 L 450.5 688.5 L 450.5 673.5 z
North East Bedfordshire,M 418.5 673.5 L 418.5 688.5 L 433.5 688.5 L 433.5 673.5 z
Wellingborough,M 401.5 673.5 L 401.5 688.5 L 416.5 688.5 L 416.5 673.5 z
Harborough,M 384.5 673.5 L 384.5 688.5 L 399.5 688.5 L 399.5 673.5 z
South Leicestershire,M 367.5 673.5 L 367.5 688.5 L 382.5 688.5 L 382.5 673.5 z
Nuneaton,M 350.5 673.5 L 350.5 688.5 L 365.5 688.5 L 365.5 673.5 z
"Birmingham, Hodge Hill",M 333.5 673.5 L 333.5 688.5 L 348.5 688.5 L 348.5 673.5 z
"Birmingham, Ladywood",M 316.5 673.5 L 316.5 688.5 L 331.5 688.5 L 331.5 673.5 z
Halesowen and Rowley Regis,M 299.5 673.5 L 299.5 688.5 L 314.5 688.5 L 314.5 673.5 z
South West Norfolk,M 452.5 656.5 L 452.5 671.5 L 467.5 671.5 L 467.5 656.5 z
Huntingdon,M 435.5 656.5 L 435.5 671.5 L 450.5 671.5 L 450.5 656.5 z
North West Cambridgeshire,M 418.5 656.5 L 418.5 671.5 L 433.5 671.5 L 433.5 656.5 z
Kettering,M 401.5 656.5 L 401.5 671.5 L 416.5 671.5 L 416.5 656.5 z
Leicester South,M 384.5 656.5 L 384.5 671.5 L 399.5 671.5 L 399.5 656.5 z
Leicester West,M 367.5 656.5 L 367.5 671.5 L 382.5 671.5 L 382.5 656.5 z
North Warwickshire,M 350.5 656.5 L 350.5 671.5 L 365.5 671.5 L 365.5 656.5 z
"Birmingham, Erdington",M 333.5 656.5 L 333.5 671.5 L 348.5 671.5 L 348.5 656.5 z
"Birmingham, Perry Barr",M 316.5 656.5 L 316.5 671.5 L 331.5 671.5 L 331.5 656.5 z
West Bromwich West,M 299.5 656.5 L 299.5 671.5 L 314.5 671.5 L 314.5 656.5 z
North East Cambridgeshire,M 452.5 639.5 L 452.5 654.5 L 467.5 654.5 L 467.5 639.5 z
Peterborough,M 435.5 639.5 L 435.5 654.5 L 450.5 654.5 L 450.5 639.5 z
Corby,M 418.5 639.5 L 418.5 654.5 L 433.5 654.5 L 433.5 639.5 z
Rutland and Melton,M 401.5 639.5 L 401.5 654.5 L 416.5 654.5 L 416.5 639.5 z
Leicester East,M 384.5 639.5 L 384.5 654.5 L 399.5 654.5 L 399.5 639.5 z
Charnwood,M 367.5 639.5 L 367.5 654.5 L 382.5 654.5 L 382.5 639.5 z
Bosworth,M 350.5 639.5 L 350.5 654.5 L 365.5 654.5 L 365.5 639.5 z
Sutton Coldfield,M 333.5 639.5 L 333.5 654.5 L 348.5 654.5 L 348.5 639.5 z
West Bromwich East,M 316.5 639.5 L 316.5 654.5 L 331.5 654.5 L 331.5 639.5 z
Dudley North,M 299.5 639.5 L 299.5 654.5 L 314.5 654.5 L 314.5 639.5 z
Dudley South,M 282.5 639.5 L 282.5 654.5 L 297.5 654.5 L 297.5 639.5 z
North West Norfolk,M 452.5 622.5 L 452.5 637.5 L 467.5 637.5 L 467.5 622.5 z
South Holland and The Deepings,M 435.5 622.5 L 435.5 637.5 L 450.5 637.5 L 450.5 622.5 z
Grantham and Stamford,M 418.5 622.5 L 418.5 637.5 L 433.5 637.5 L 433.5 622.5 z
Rushcliffe,M 401.5 622.5 L 401.5 637.5 L 416.5 637.5 L 416.5 622.5 z
Loughborough,M 384.5 622.5 L 384.5 637.5 L 399.5 637.5 L 399.5 622.5 z
Nottingham South,M 367.5 622.5 L 367.5 637.5 L 382.5 637.5 L 382.5 622.5 z
North West Leicestershire,M 350.5 622.5 L 350.5 637.5 L 365.5 637.5 L 365.5 622.5 z
Tamworth,M 333.5 622.5 L 333.5 637.5 L 348.5 637.5 L 348.5 622.5 z
Walsall South,M 316.5 622.5 L 316.5 637.5 L 331.5 637.5 L 331.5 622.5 z
Wolverhampton South East,M 299.5 622.5 L 299.5 637.5 L 314.5 637.5 L 314.5 622.5 z
Boston and Skegness,M 452.5 605.5 L 452.5 620.5 L 467.5 620.5 L 467.5 605.5 z
Louth and Horncastle,M 435.5 605.5 L 435.5 620.5 L 450.5 620.5 L 450.5 605.5 z
Sleaford and North Hykeham,M 418.5 605.5 L 418.5 620.5 L 433.5 620.5 L 433.5 605.5 z
Lincoln,M 401.5 605.5 L 401.5 620.5 L 416.5 620.5 L 416.5 605.5 z
Gedling,M 384.5 605.5 L 384.5 620.5 L 399.5 620.5 L 399.5 605.5 z
Nottingham East,M 367.5 605.5 L 367.5 620.5 L 382.5 620.5 L 382.5 605.5 z
Erewash,M 350.5 605.5 L 350.5 620.5 L 365.5 620.5 L 365.5 605.5 z
South Derbyshire,M 333.5 605.5 L 333.5 620.5 L 348.5 620.5 L 348.5 605.5 z
Aldridge-Brownhills,M 316.5 605.5 L 316.5 620.5 L 331.5 620.5 L 331.5 605.5 z
Walsall North,M 299.5 605.5 L 299.5 620.5 L 314.5 620.5 L 314.5 605.5 z
South Staffordshire,M 282.5 605.5 L 282.5 620.5 L 297.5 620.5 L 297.5 605.5 z
South Down,M 95.5 605.5 L 95.5 620.5 L 110.5 620.5 L 110.5 605.5 z
Newry and Armagh,M 78.5 605.5 L 78.5 620.5 L 93.5 620.5 L 93.5 605.5 z
Great Grimsby,M 435.5 588.5 L 435.5 603.5 L 450.5 603.5 L 450.5 588.5 z
Cleethorpes,M 418.5 588.5 L 418.5 603.5 L 433.5 603.5 L 433.5 588.5 z
Gainsborough,M 401.5 588.5 L 401.5 603.5 L 416.5 603.5 L 416.5 588.5 z
Newark,M 384.5 588.5 L 384.5 603.5 L 399.5 603.5 L 399.5 588.5 z
Nottingham North,M 367.5 588.5 L 367.5 603.5 L 382.5 603.5 L 382.5 588.5 z
Broxtowe,M 350.5 588.5 L 350.5 603.5 L 365.5 603.5 L 365.5 588.5 z
Derby South,M 333.5 588.5 L 333.5 603.5 L 348.5 603.5 L 348.5 588.5 z
Lichfield,M 316.5 588.5 L 316.5 603.5 L 331.5 603.5 L 331.5 588.5 z
Wolverhampton North East,M 299.5 588.5 L 299.5 603.5 L 314.5 603.5 L 314.5 588.5 z
Wolverhampton South West,M 282.5 588.5 L 282.5 603.5 L 297.5 603.5 L 297.5 588.5 z
Ludlow,M 265.5 588.5 L 265.5 603.5 L 280.5 603.5 L 280.5 588.5 z
Belfast South,M 112.5 588.5 L 112.5 603.5 L 127.5 603.5 L 127.5 588.5 z
Lagan Valley,M 95.5 588.5 L 95.5 603.5 L 110.5 603.5 L 110.5 588.5 z
Upper Bann,M 78.5 588.5 L 78.5 603.5 L 93.5 603.5 L 93.5 588.5 z
Mid Ulster,M 61.5 588.5 L 61.5 603.5 L 76.5 603.5 L 76.5 588.5 z
West Tyrone,M 44.5 588.5 L 44.5 603.5 L 59.5 603.5 L 59.5 588.5 z
Fermanagh and South Tyrone,M 27.5 588.5 L 27.5 603.5 L 42.5 603.5 L 42.5 588.5 z
Beverley and Holderness,M 418.5 571.5 L 418.5 586.5 L 433.5 586.5 L 433.5 571.5 z
Kingston upon Hull East,M 401.5 571.5 L 401.5 586.5 L 416.5 586.5 L 416.5 571.5 z
Kingston upon Hull West and Hessle,M 384.5 571.5 L 384.5 586.5 L 399.5 586.5 L 399.5 571.5 z
Sherwood,M 367.5 571.5 L 367.5 586.5 L 382.5 586.5 L 382.5 571.5 z
Ashfield,M 350.5 571.5 L 350.5 586.5 L 365.5 586.5 L 365.5 571.5 z
Mid Derbyshire,M 333.5 571.5 L 333.5 586.5 L 348.5 586.5 L 348.5 571.5 z
Derby North,M 316.5 571.5 L 316.5 586.5 L 331.5 586.5 L 331.5 571.5 z
Cannock Chase,M 299.5 571.5 L 299.5 586.5 L 314.5 586.5 L 314.5 571.5 z
Stafford,M 282.5 571.5 L 282.5 586.5 L 297.5 586.5 L 297.5 571.5 z
Telford,M 265.5 571.5 L 265.5 586.5 L 280.5 586.5 L 280.5 571.5 z
Strangford,M 112.5 571.5 L 112.5 586.5 L 127.5 586.5 L 127.5 571.5 z
Belfast West,M 95.5 571.5 L 95.5 586.5 L 110.5 586.5 L 110.5 571.5 z
South Antrim,M 78.5 571.5 L 78.5 586.5 L 93.5 586.5 L 93.5 571.5 z
East Londonderry,M 61.5 571.5 L 61.5 586.5 L 76.5 586.5 L 76.5 571.5 z
Foyle,M 44.5 571.5 L 44.5 586.5 L 59.5 586.5 L 59.5 571.5 z
Kingston upon Hull North,M 384.5 554.5 L 384.5 569.5 L 399.5 569.5 L 399.5 554.5 z
Bassetlaw,M 367.5 554.5 L 367.5 569.5 L 382.5 569.5 L 382.5 554.5 z
Mansfield,M 350.5 554.5 L 350.5 569.5 L 365.5 569.5 L 365.5 554.5 z
Amber Valley,M 333.5 554.5 L 333.5 569.5 L 348.5 569.5 L 348.5 554.5 z
Chesterfield,M 316.5 554.5 L 316.5 569.5 L 331.5 569.5 L 331.5 554.5 z
Burton,M 299.5 554.5 L 299.5 569.5 L 314.5 569.5 L 314.5 554.5 z
Stone,M 282.5 554.5 L 282.5 569.5 L 297.5 569.5 L 297.5 554.5 z
The Wrekin,M 265.5 554.5 L 265.5 569.5 L 280.5 569.5 L 280.5 554.5 z
Belfast East,M 95.5 554.5 L 95.5 569.5 L 110.5 569.5 L 110.5 554.5 z
Belfast North,M 78.5 554.5 L 78.5 569.5 L 93.5 569.5 L 93.5 554.5 z
North Antrim,M 61.5 554.5 L 61.5 569.5 L 76.5 569.5 L 76.5 554.5 z
Scunthorpe,M 367.5 537.5 L 367.5 552.5 L 382.5 552.5 L 382.5 537.5 z
Bolsover,M 350.5 537.5 L 350.5 552.5 L 365.5 552.5 L 365.5 537.5 z
Rother Valley,M 333.5 537.5 L 333.5 552.5 L 348.5 552.5 L 348.5 537.5 z
North East Derbyshire,M 316.5 537.5 L 316.5 552.5 L 331.5 552.5 L 331.5 537.5 z
Derbyshire Dales,M 299.5 537.5 L 299.5 552.5 L 314.5 552.5 L 314.5 537.5 z
Staffordshire Moorlands,M 282.5 537.5 L 282.5 552.5 L 297.5 552.5 L 297.5 537.5 z
Stoke-on-Trent South,M 265.5 537.5 L 265.5 552.5 L 280.5 552.5 L 280.5 537.5 z
Newcastle-under-Lyme,M 231.5 537.5 L 231.5 552.5 L 246.5 552.5 L 246.5 537.5 z
Crewe and Nantwich,M 214.5 537.5 L 214.5 552.5 L 229.5 552.5 L 229.5 537.5 z
Shrewsbury and Atcham,M 197.5 537.5 L 197.5 552.5 L 212.5 552.5 L 212.5 537.5 z
North Shropshire,M 180.5 537.5 L 180.5 552.5 L 195.5 552.5 L 195.5 537.5 z
City of Chester,M 163.5 537.5 L 163.5 552.5 L 178.5 552.5 L 178.5 537.5 z
North Down,M 95.5 537.5 L 95.5 552.5 L 110.5 552.5 L 110.5 537.5 z
East Antrim,M 78.5 537.5 L 78.5 552.5 L 93.5 552.5 L 93.5 537.5 z
Brigg and Goole,M 367.5 520.5 L 367.5 535.5 L 382.5 535.5 L 382.5 520.5 z
Don Valley,M 350.5 520.5 L 350.5 535.5 L 365.5 535.5 L 365.5 520.5 z
Sheffield South East,M 333.5 520.5 L 333.5 535.5 L 348.5 535.5 L 348.5 520.5 z
"Sheffield, Heeley",M 316.5 520.5 L 316.5 535.5 L 331.5 535.5 L 331.5 520.5 z
Sheffield Central,M 299.5 520.5 L 299.5 535.5 L 314.5 535.5 L 314.5 520.5 z
High Peak,M 282.5 520.5 L 282.5 535.5 L 297.5 535.5 L 297.5 520.5 z
Stoke-on-Trent Central,M 265.5 520.5 L 265.5 535.5 L 280.5 535.5 L 280.5 520.5 z
Stoke-on-Trent North,M 248.5 520.5 L 248.5 535.5 L 263.5 535.5 L 263.5 520.5 z
Congleton,M 231.5 520.5 L 231.5 535.5 L 246.5 535.5 L 246.5 520.5 z
Tatton,M 214.5 520.5 L 214.5 535.5 L 229.5 535.5 L 229.5 520.5 z
Eddisbury,M 197.5 520.5 L 197.5 535.5 L 212.5 535.5 L 212.5 520.5 z
Halton,M 180.5 520.5 L 180.5 535.5 L 195.5 535.5 L 195.5 520.5 z
Wirral South,M 163.5 520.5 L 163.5 535.5 L 178.5 535.5 L 178.5 520.5 z
Haltemprice and Howden,M 367.5 503.5 L 367.5 518.5 L 382.5 518.5 L 382.5 503.5 z
Doncaster Central,M 350.5 503.5 L 350.5 518.5 L 365.5 518.5 L 365.5 503.5 z
Rotherham,M 333.5 503.5 L 333.5 518.5 L 348.5 518.5 L 348.5 503.5 z
"Sheffield, Brightside and Hillsborough",M 316.5 503.5 L 316.5 518.5 L 331.5 518.5 L 331.5 503.5 z
"Sheffield, Hallam",M 299.5 503.5 L 299.5 518.5 L 314.5 518.5 L 314.5 503.5 z
Penistone and Stocksbridge,M 282.5 503.5 L 282.5 518.5 L 297.5 518.5 L 297.5 503.5 z
Macclesfield,M 265.5 503.5 L 265.5 518.5 L 280.5 518.5 L 280.5 503.5 z
Cheadle,M 248.5 503.5 L 248.5 518.5 L 263.5 518.5 L 263.5 503.5 z
Stockport,M 231.5 503.5 L 231.5 518.5 L 246.5 518.5 L 246.5 503.5 z
Wythenshawe and Sale East,M 214.5 503.5 L 214.5 518.5 L 229.5 518.5 L 229.5 503.5 z
Weaver Vale,M 197.5 503.5 L 197.5 518.5 L 212.5 518.5 L 212.5 503.5 z
Ellesmere Port and Neston,M 180.5 503.5 L 180.5 518.5 L 195.5 518.5 L 195.5 503.5 z
Doncaster North,M 350.5 486.5 L 350.5 501.5 L 365.5 501.5 L 365.5 486.5 z
Wentworth and Dearne,M 333.5 486.5 L 333.5 501.5 L 348.5 501.5 L 348.5 486.5 z
Barnsley East,M 316.5 486.5 L 316.5 501.5 L 331.5 501.5 L 331.5 486.5 z
Barnsley Central,M 299.5 486.5 L 299.5 501.5 L 314.5 501.5 L 314.5 486.5 z
Dewsbury,M 282.5 486.5 L 282.5 501.5 L 297.5 501.5 L 297.5 486.5 z
Hazel Grove,M 265.5 486.5 L 265.5 501.5 L 280.5 501.5 L 280.5 486.5 z
Denton and Reddish,M 248.5 486.5 L 248.5 501.5 L 263.5 501.5 L 263.5 486.5 z
"Manchester, Withington",M 231.5 486.5 L 231.5 501.5 L 246.5 501.5 L 246.5 486.5 z
Altrincham and Sale West,M 214.5 486.5 L 214.5 501.5 L 229.5 501.5 L 229.5 486.5 z
Warrington South,M 197.5 486.5 L 197.5 501.5 L 212.5 501.5 L 212.5 486.5 z
Garston and Halewood,M 180.5 486.5 L 180.5 501.5 L 195.5 501.5 L 195.5 486.5 z
East Yorkshire,M 350.5 469.5 L 350.5 484.5 L 365.5 484.5 L 365.5 469.5 z
"Normanton, Pontefract and Castleford",M 333.5 469.5 L 333.5 484.5 L 348.5 484.5 L 348.5 469.5 z
Hemsworth,M 316.5 469.5 L 316.5 484.5 L 331.5 484.5 L 331.5 469.5 z
Wakefield,M 299.5 469.5 L 299.5 484.5 L 314.5 484.5 L 314.5 469.5 z
Huddersfield,M 282.5 469.5 L 282.5 484.5 L 297.5 484.5 L 297.5 469.5 z
Stalybridge and Hyde,M 265.5 469.5 L 265.5 484.5 L 280.5 484.5 L 280.5 469.5 z
Ashton-under-Lyne,M 248.5 469.5 L 248.5 484.5 L 263.5 484.5 L 263.5 469.5 z
"Manchester, Gorton",M 231.5 469.5 L 231.5 484.5 L 246.5 484.5 L 246.5 469.5 z
Stretford and Urmston,M 214.5 469.5 L 214.5 484.5 L 229.5 484.5 L 229.5 469.5 z
Warrington North,M 197.5 469.5 L 197.5 484.5 L 212.5 484.5 L 212.5 469.5 z
York Outer,M 333.5 452.5 L 333.5 467.5 L 348.5 467.5 L 348.5 452.5 z
Selby and Ainsty,M 316.5 452.5 L 316.5 467.5 L 331.5 467.5 L 331.5 452.5 z
Morley and Outwood,M 299.5 452.5 L 299.5 467.5 L 314.5 467.5 L 314.5 452.5 z
Leeds Central,M 282.5 452.5 L 282.5 467.5 L 297.5 467.5 L 297.5 452.5 z
Colne Valley,M 265.5 452.5 L 265.5 467.5 L 280.5 467.5 L 280.5 452.5 z
Manchester Central,M 248.5 452.5 L 248.5 467.5 L 263.5 467.5 L 263.5 452.5 z
Blackley and Broughton,M 231.5 452.5 L 231.5 467.5 L 246.5 467.5 L 246.5 452.5 z
Worsley and Eccles South,M 214.5 452.5 L 214.5 467.5 L 229.5 467.5 L 229.5 452.5 z
St. Helens South and Whiston,M 197.5 452.5 L 197.5 467.5 L 212.5 467.5 L 212.5 452.5 z
"Liverpool, Wavertree",M 180.5 452.5 L 180.5 467.5 L 195.5 467.5 L 195.5 452.5 z
York Central,M 316.5 435.5 L 316.5 450.5 L 331.5 450.5 L 331.5 435.5 z
Leeds East,M 299.5 435.5 L 299.5 450.5 L 314.5 450.5 L 314.5 435.5 z
Batley and Spen,M 282.5 435.5 L 282.5 450.5 L 297.5 450.5 L 297.5 435.5 z
Oldham East and Saddleworth,M 265.5 435.5 L 265.5 450.5 L 280.5 450.5 L 280.5 435.5 z
Oldham West and Royton,M 248.5 435.5 L 248.5 450.5 L 263.5 450.5 L 263.5 435.5 z
Salford and Eccles,M 231.5 435.5 L 231.5 450.5 L 246.5 450.5 L 246.5 435.5 z
Leigh,M 214.5 435.5 L 214.5 450.5 L 229.5 450.5 L 229.5 435.5 z
St. Helens North,M 197.5 435.5 L 197.5 450.5 L 212.5 450.5 L 212.5 435.5 z
"Liverpool, Riverside",M 180.5 435.5 L 180.5 450.5 L 195.5 450.5 L 195.5 435.5 z
Elmet and Rothwell,M 299.5 418.5 L 299.5 433.5 L 314.5 433.5 L 314.5 418.5 z
Bradford South,M 265.5 418.5 L 265.5 433.5 L 280.5 433.5 L 280.5 418.5 z
Heywood and Middleton,M 248.5 418.5 L 248.5 433.5 L 263.5 433.5 L 263.5 418.5 z
Bury South,M 231.5 418.5 L 231.5 433.5 L 246.5 433.5 L 246.5 418.5 z
Makerfield,M 214.5 418.5 L 214.5 433.5 L 229.5 433.5 L 229.5 418.5 z
Knowsley,M 197.5 418.5 L 197.5 433.5 L 212.5 433.5 L 212.5 418.5 z
Birkenhead,M 163.5 418.5 L 163.5 433.5 L 178.5 433.5 L 178.5 418.5 z
Wirral West,M 146.5 418.5 L 146.5 433.5 L 161.5 433.5 L 161.5 418.5 z
Halifax,M 265.5 401.5 L 265.5 416.5 L 280.5 416.5 L 280.5 401.5 z
Rochdale,M 248.5 401.5 L 248.5 416.5 L 263.5 416.5 L 263.5 401.5 z
Bolton South East,M 231.5 401.5 L 231.5 416.5 L 246.5 416.5 L 246.5 401.5 z
Bolton West,M 214.5 401.5 L 214.5 416.5 L 229.5 416.5 L 229.5 401.5 z
"Liverpool, West Derby",M 197.5 401.5 L 197.5 416.5 L 212.5 416.5 L 212.5 401.5 z
"Liverpool, Walton",M 180.5 401.5 L 180.5 416.5 L 195.5 416.5 L 195.5 401.5 z
Bootle,M 163.5 401.5 L 163.5 416.5 L 178.5 416.5 L 178.5 401.5 z
Wallasey,M 146.5 401.5 L 146.5 416.5 L 161.5 416.5 L 161.5 401.5 z
Leeds West,M 282.5 384.5 L 282.5 399.5 L 297.5 399.5 L 297.5 384.5 z
Calder Valley,M 265.5 384.5 L 265.5 399.5 L 280.5 399.5 L 280.5 384.5 z
Bury North,M 248.5 384.5 L 248.5 399.5 L 263.5 399.5 L 263.5 384.5 z
Bolton North East,M 231.5 384.5 L 231.5 399.5 L 246.5 399.5 L 246.5 384.5 z
Wigan,M 214.5 384.5 L 214.5 399.5 L 229.5 399.5 L 229.5 384.5 z
West Lancashire,M 197.5 384.5 L 197.5 399.5 L 212.5 399.5 L 212.5 384.5 z
Sefton Central,M 180.5 384.5 L 180.5 399.5 L 195.5 399.5 L 195.5 384.5 z
Southport,M 163.5 384.5 L 163.5 399.5 L 178.5 399.5 L 178.5 384.5 z
Blackpool South,M 146.5 384.5 L 146.5 399.5 L 161.5 399.5 L 161.5 384.5 z
Bradford East,M 282.5 367.5 L 282.5 382.5 L 297.5 382.5 L 297.5 367.5 z
Bradford West,M 265.5 367.5 L 265.5 382.5 L 280.5 382.5 L 280.5 367.5 z
Burnley,M 248.5 367.5 L 248.5 382.5 L 263.5 382.5 L 263.5 367.5 z
Rossendale and Darwen,M 231.5 367.5 L 231.5 382.5 L 246.5 382.5 L 246.5 367.5 z
Chorley,M 214.5 367.5 L 214.5 382.5 L 229.5 382.5 L 229.5 367.5 z
Preston,M 197.5 367.5 L 197.5 382.5 L 212.5 382.5 L 212.5 367.5 z
South Ribble,M 180.5 367.5 L 180.5 382.5 L 195.5 382.5 L 195.5 367.5 z
Blackpool North and Cleveleys,M 163.5 367.5 L 163.5 382.5 L 178.5 382.5 L 178.5 367.5 z
Copeland,M 146.5 367.5 L 146.5 382.5 L 161.5 382.5 L 161.5 367.5 z
Leeds North East,M 299.5 350.5 L 299.5 365.5 L 314.5 365.5 L 314.5 350.5 z
Pudsey,M 282.5 350.5 L 282.5 365.5 L 297.5 365.5 L 297.5 350.5 z
Shipley,M 265.5 350.5 L 265.5 365.5 L 280.5 365.5 L 280.5 350.5 z
Pendle,M 248.5 350.5 L 248.5 365.5 L 263.5 365.5 L 263.5 350.5 z
Hyndburn,M 231.5 350.5 L 231.5 365.5 L 246.5 365.5 L 246.5 350.5 z
Blackburn,M 214.5 350.5 L 214.5 365.5 L 229.5 365.5 L 229.5 350.5 z
Wyre and Preston North,M 197.5 350.5 L 197.5 365.5 L 212.5 365.5 L 212.5 350.5 z
Fylde,M 180.5 350.5 L 180.5 365.5 L 195.5 365.5 L 195.5 350.5 z
Barrow and Furness,M 163.5 350.5 L 163.5 365.5 L 178.5 365.5 L 178.5 350.5 z
Dumfries and Galloway,M 146.5 350.5 L 146.5 365.5 L 161.5 365.5 L 161.5 350.5 z
"Ayr, Carrick and Cumnock",M 129.5 350.5 L 129.5 365.5 L 144.5 365.5 L 144.5 350.5 z
North Ayrshire and Arran,M 112.5 350.5 L 112.5 365.5 L 127.5 365.5 L 127.5 350.5 z
Thirsk and Malton,M 316.5 333.5 L 316.5 348.5 L 331.5 348.5 L 331.5 333.5 z
Harrogate and Knaresborough,M 299.5 333.5 L 299.5 348.5 L 314.5 348.5 L 314.5 333.5 z
Leeds North West,M 282.5 333.5 L 282.5 348.5 L 297.5 348.5 L 297.5 333.5 z
Keighley,M 265.5 333.5 L 265.5 348.5 L 280.5 348.5 L 280.5 333.5 z
Skipton and Ripon,M 248.5 333.5 L 248.5 348.5 L 263.5 348.5 L 263.5 333.5 z
Ribble Valley,M 231.5 333.5 L 231.5 348.5 L 246.5 348.5 L 246.5 333.5 z
Lancaster and Fleetwood,M 214.5 333.5 L 214.5 348.5 L 229.5 348.5 L 229.5 333.5 z
Morecambe and Lunesdale,M 197.5 333.5 L 197.5 348.5 L 212.5 348.5 L 212.5 333.5 z
Workington,M 180.5 333.5 L 180.5 348.5 L 195.5 348.5 L 195.5 333.5 z
Lanark and Hamilton East,M 163.5 333.5 L 163.5 348.5 L 178.5 348.5 L 178.5 333.5 z
Kilmarnock and Loudoun,M 146.5 333.5 L 146.5 348.5 L 161.5 348.5 L 161.5 333.5 z
Central Ayrshire,M 129.5 333.5 L 129.5 348.5 L 144.5 348.5 L 144.5 333.5 z
Scarborough and Whitby,M 316.5 316.5 L 316.5 331.5 L 331.5 331.5 L 331.5 316.5 z
Stockton South,M 299.5 316.5 L 299.5 331.5 L 314.5 331.5 L 314.5 316.5 z
Darlington,M 282.5 316.5 L 282.5 331.5 L 297.5 331.5 L 297.5 316.5 z
Richmond (Yorks),M 265.5 316.5 L 265.5 331.5 L 280.5 331.5 L 280.5 316.5 z
North Durham,M 248.5 316.5 L 248.5 331.5 L 263.5 331.5 L 263.5 316.5 z
Bishop Auckland,M 231.5 316.5 L 231.5 331.5 L 246.5 331.5 L 246.5 316.5 z
Westmorland and Lonsdale,M 214.5 316.5 L 214.5 331.5 L 229.5 331.5 L 229.5 316.5 z
Carlisle,M 197.5 316.5 L 197.5 331.5 L 212.5 331.5 L 212.5 316.5 z
"Dumfriesshire, Clydesdale and Tweeddale",M 180.5 316.5 L 180.5 331.5 L 195.5 331.5 L 195.5 316.5 z
"East Kilbride, Strathaven and Lesmahagow",M 163.5 316.5 L 163.5 331.5 L 178.5 331.5 L 178.5 316.5 z
East Renfrewshire,M 146.5 316.5 L 146.5 331.5 L 161.5 331.5 L 161.5 316.5 z
Paisley and Renfrewshire South,M 129.5 316.5 L 129.5 331.5 L 144.5 331.5 L 144.5 316.5 z
Middlesbrough,M 316.5 299.5 L 316.5 314.5 L 331.5 314.5 L 331.5 299.5 z
Stockton North,M 299.5 299.5 L 299.5 314.5 L 314.5 314.5 L 314.5 299.5 z
Sedgefield,M 282.5 299.5 L 282.5 314.5 L 297.5 314.5 L 297.5 299.5 z
City of Durham,M 265.5 299.5 L 265.5 314.5 L 280.5 314.5 L 280.5 299.5 z
Blaydon,M 248.5 299.5 L 248.5 314.5 L 263.5 314.5 L 263.5 299.5 z
North West Durham,M 231.5 299.5 L 231.5 314.5 L 246.5 314.5 L 246.5 299.5 z
Penrith and The Border,M 214.5 299.5 L 214.5 314.5 L 229.5 314.5 L 229.5 299.5 z
Midlothian,M 197.5 299.5 L 197.5 314.5 L 212.5 314.5 L 212.5 299.5 z
Livingston,M 180.5 299.5 L 180.5 314.5 L 195.5 314.5 L 195.5 299.5 z
Rutherglen and Hamilton West,M 163.5 299.5 L 163.5 314.5 L 178.5 314.5 L 178.5 299.5 z
Glasgow South,M 146.5 299.5 L 146.5 314.5 L 161.5 314.5 L 161.5 299.5 z
Middlesbrough South and East Cleveland,M 333.5 282.5 L 333.5 297.5 L 348.5 297.5 L 348.5 282.5 z
Hartlepool,M 316.5 282.5 L 316.5 297.5 L 331.5 297.5 L 331.5 282.5 z
Houghton and Sunderland South,M 299.5 282.5 L 299.5 297.5 L 314.5 297.5 L 314.5 282.5 z
Washington and Sunderland West,M 282.5 282.5 L 282.5 297.5 L 297.5 297.5 L 297.5 282.5 z
Gateshead,M 265.5 282.5 L 265.5 297.5 L 280.5 297.5 L 280.5 282.5 z
Newcastle upon Tyne Central,M 248.5 282.5 L 248.5 297.5 L 263.5 297.5 L 263.5 282.5 z
Hexham,M 231.5 282.5 L 231.5 297.5 L 246.5 297.5 L 246.5 282.5 z
"Berwickshire, Roxburgh and Selkirk",M 214.5 282.5 L 214.5 297.5 L 229.5 297.5 L 229.5 282.5 z
Edinburgh South,M 197.5 282.5 L 197.5 297.5 L 212.5 297.5 L 212.5 282.5 z
Motherwell and Wishaw,M 180.5 282.5 L 180.5 297.5 L 195.5 297.5 L 195.5 282.5 z
Glasgow East,M 163.5 282.5 L 163.5 297.5 L 178.5 297.5 L 178.5 282.5 z
Glasgow South West,M 146.5 282.5 L 146.5 297.5 L 161.5 297.5 L 161.5 282.5 z
Redcar,M 333.5 265.5 L 333.5 280.5 L 348.5 280.5 L 348.5 265.5 z
Easington,M 316.5 265.5 L 316.5 280.5 L 331.5 280.5 L 331.5 265.5 z
Jarrow,M 299.5 265.5 L 299.5 280.5 L 314.5 280.5 L 314.5 265.5 z
North Tyneside,M 282.5 265.5 L 282.5 280.5 L 297.5 280.5 L 297.5 265.5 z
Newcastle upon Tyne East,M 265.5 265.5 L 265.5 280.5 L 280.5 280.5 L 280.5 265.5 z
Newcastle upon Tyne North,M 248.5 265.5 L 248.5 280.5 L 263.5 280.5 L 263.5 265.5 z
East Lothian,M 231.5 265.5 L 231.5 280.5 L 246.5 280.5 L 246.5 265.5 z
Edinburgh East,M 214.5 265.5 L 214.5 280.5 L 229.5 280.5 L 229.5 265.5 z
Edinburgh South West,M 197.5 265.5 L 197.5 280.5 L 212.5 280.5 L 212.5 265.5 z
Airdrie and Shotts,M 180.5 265.5 L 180.5 280.5 L 195.5 280.5 L 195.5 265.5 z
Glasgow Central,M 163.5 265.5 L 163.5 280.5 L 178.5 280.5 L 178.5 265.5 z
Glasgow North West,M 146.5 265.5 L 146.5 280.5 L 161.5 280.5 L 161.5 265.5 z
Inverclyde,M 129.5 265.5 L 129.5 280.5 L 144.5 280.5 L 144.5 265.5 z
Sunderland Central,M 333.5 248.5 L 333.5 263.5 L 348.5 263.5 L 348.5 248.5 z
South Shields,M 316.5 248.5 L 316.5 263.5 L 331.5 263.5 L 331.5 248.5 z
Tynemouth,M 299.5 248.5 L 299.5 263.5 L 314.5 263.5 L 314.5 248.5 z
Blyth Valley,M 282.5 248.5 L 282.5 263.5 L 297.5 263.5 L 297.5 248.5 z
Wansbeck,M 265.5 248.5 L 265.5 263.5 L 280.5 263.5 L 280.5 248.5 z
Berwick-upon-Tweed,M 248.5 248.5 L 248.5 263.5 L 263.5 263.5 L 263.5 248.5 z
Edinburgh West,M 197.5 248.5 L 197.5 263.5 L 212.5 263.5 L 212.5 248.5 z
"Coatbridge, Chryston and Bellshill",M 180.5 248.5 L 180.5 263.5 L 195.5 263.5 L 195.5 248.5 z
Glasgow North East,M 163.5 248.5 L 163.5 263.5 L 178.5 263.5 L 178.5 248.5 z
Paisley and Renfrewshire North,M 146.5 248.5 L 146.5 263.5 L 161.5 263.5 L 161.5 248.5 z
Argyll and Bute,M 129.5 248.5 L 129.5 263.5 L 144.5 263.5 L 144.5 248.5 z
Edinburgh North and Leith,M 214.5 231.5 L 214.5 246.5 L 229.5 246.5 L 229.5 231.5 z
Linlithgow and East Falkirk,M 197.5 231.5 L 197.5 246.5 L 212.5 246.5 L 212.5 231.5 z
Falkirk,M 180.5 231.5 L 180.5 246.5 L 195.5 246.5 L 195.5 231.5 z
Glasgow North,M 163.5 231.5 L 163.5 246.5 L 178.5 246.5 L 178.5 231.5 z
West Dunbartonshire,M 146.5 231.5 L 146.5 246.5 L 161.5 246.5 L 161.5 231.5 z
Kirkcaldy and Cowdenbeath,M 214.5 214.5 L 214.5 229.5 L 229.5 229.5 L 229.5 214.5 z
Dunfermline and West Fife,M 197.5 214.5 L 197.5 229.5 L 212.5 229.5 L 212.5 214.5 z
"Cumbernauld, Kilsyth and Kirkintilloch East",M 180.5 214.5 L 180.5 229.5 L 195.5 229.5 L 195.5 214.5 z
East Dunbartonshire,M 163.5 214.5 L 163.5 229.5 L 178.5 229.5 L 178.5 214.5 z
North East Fife,M 231.5 197.5 L 231.5 212.5 L 246.5 212.5 L 246.5 197.5 z
Glenrothes,M 214.5 197.5 L 214.5 212.5 L 229.5 212.5 L 229.5 197.5 z
Dundee West,M 197.5 197.5 L 197.5 212.5 L 212.5 212.5 L 212.5 197.5 z
Ochil and South Perthshire,M 180.5 197.5 L 180.5 212.5 L 195.5 212.5 L 195.5 197.5 z
Stirling,M 163.5 197.5 L 163.5 212.5 L 178.5 212.5 L 178.5 197.5 z
Aberdeen South,M 248.5 180.5 L 248.5 195.5 L 263.5 195.5 L 263.5 180.5 z
Dundee East,M 231.5 180.5 L 231.5 195.5 L 246.5 195.5 L 246.5 180.5 z
Angus,M 214.5 180.5 L 214.5 195.5 L 229.5 195.5 L 229.5 180.5 z
Perth and North Perthshire,M 197.5 180.5 L 197.5 195.5 L 212.5 195.5 L 212.5 180.5 z
"Inverness, Nairn, Badenoch and Strathspey",M 180.5 180.5 L 180.5 195.5 L 195.5 195.5 L 195.5 180.5 z
"Ross, Skye and Lochaber",M 163.5 180.5 L 163.5 195.5 L 178.5 195.5 L 178.5 180.5 z
Na h-Eileanan an Iar,M 10.5 180.5 L 10.5 195.5 L 25.5 195.5 L 25.5 180.5 z
Aberdeen North,M 265.5 163.5 L 265.5 178.5 L 280.5 178.5 L 280.5 163.5 z
Banff and Buchan,M 248.5 163.5 L 248.5 178.5 L 263.5 178.5 L 263.5 163.5 z
Gordon,M 231.5 163.5 L 231.5 178.5 L 246.5 178.5 L 246.5 163.5 z
West Aberdeenshire and Kincardine,M 214.5 163.5 L 214.5 178.5 L 229.5 178.5 L 229.5 163.5 z
Moray,M 197.5 163.5 L 197.5 178.5 L 212.5 178.5 L 212.5 163.5 z
"Caithness, Sutherland and Easter Ross",M 180.5 163.5 L 180.5 178.5 L 195.5 178.5 L 195.5 163.5 z
Orkney and Shetland,M 316.5 10.5 L 316.5 25.5 L 331.5 25.5 L 331.5 10.5 z
